<?xml version="1.0" encoding="UTF-8"?>
<!DOCTYPE suite SYSTEM "https://testng.org/testng-1.0.dtd">
<suite name="Suite">
	<listeners>
		<listener class-name="utilities.ExtentReportManager" />
	</listeners>
	
  <test thread-count="5" name="Test">
    <classes>
      <class name="Testng_testcases.baseTest"/>
      <class name="Testng_testcases.DetailsForCabSelection"/>
      <class name="Testng_testcases.SuvPriceLow"/>
      <class name="Testng_testcases.GiftCards"/>
      <class name="Testng_testcases.Hotel_Adult_List"/>
    </classes>
  </test> <!-- Test -->
  
</suite> <!-- Suite -->
